<?xml version="1.0" encoding="UTF-8"?>
<beans xmlns="http://www.springframework.org/schema/beans"
	xmlns:xsi="http://www.w3.org/2001/XMLSchema-instance" xmlns:p="http://www.springframework.org/schema/p"
	xmlns:context="http://www.springframework.org/schema/context" xmlns:tx="http://www.springframework.org/schema/tx"
	xmlns:aop="http://www.springframework.org/schema/aop"
	xsi:schemaLocation="http://www.springframework.org/schema/beans    
						http://www.springframework.org/schema/beans/spring-beans-4.3.xsd    
						http://www.springframework.org/schema/aop    
						http://www.springframework.org/schema/aop/spring-aop.xsd    
						http://www.springframework.org/schema/tx    
						http://www.springframework.org/schema/tx/spring-tx.xsd    
						http://www.springframework.org/schema/context    
						http://www.springframework.org/schema/context/spring-context.xsd">

	<bean id="dataSource" class="com.mchange.v2.c3p0.ComboPooledDataSource">
		<property name="driverClass" value="com.mysql.jdbc.Driver" />
		<property name="jdbcUrl" value="jdbc:mysql://localhost:3306/sale?useUnicode=true&amp;characterEncoding=utf-8" />
		<property name="user" value="root" />
		<property name="password" value="1234" />
	</bean>
	<!-- 2.sessionFactory -->
	<bean id="sessionFactory"
		class="org.springframework.orm.hibernate3.LocalSessionFactoryBean">
		<property name="dataSource" ref="dataSource"></property>
		<property name="configLocation" value="classpath:hibernate.cfg.xml"></property>
	</bean>

	<!-- 3.事务管理器 -->
	<bean id="transactionManager"
		class="org.springframework.orm.hibernate3.HibernateTransactionManager">
		<property name="sessionFactory" ref="sessionFactory"></property>
	</bean>

	<!-- 4.txAdvice -->
	<tx:advice id="txAdvice" transaction-manager="transactionManager">
		<tx:attributes>
			<tx:method name="save*" propagation="REQUIRED" />
			<tx:method name="insert*" propagation="REQUIRED" />
			<tx:method name="update*" propagation="REQUIRED" />
			<tx:method name="delete*" propagation="REQUIRED" />

			<tx:method name="get*" read-only="true" />
			<tx:method name="*" propagation="REQUIRED" />
		</tx:attributes>
	</tx:advice>

	<!-- 5.aop -->
	<aop:config>
		<aop:pointcut id="pointcut"	expression="execution(* org.lqz.sale.service.*.*(..))" />
		<aop:advisor advice-ref="txAdvice" pointcut-ref="pointcut" />
	</aop:config>

	<import resource="classpath:spring/applicationContext-dao.xml"/>
	<import resource="classpath:spring/applicationContext-service.xml"/>

</beans>