<?xml version="1.0" encoding="UTF-8"?>
<!DOCTYPE struts PUBLIC
    "-//Apache Software Foundation//DTD Struts Configuration 2.3//EN"
    "http://struts.apache.org/dtds/struts-2.3.dtd">

<struts>
	<constant name="struts.ui.theme" value="simple"/>
	<constant name="struts.devMode" value="true" />
	<constant name="struts.i18n.encoding" value="UTF-8" />

	<package name="default" namespace="/" extends="struts-default">
		    
		<action name="login" method="login" class="org.lqz.sale.web.LoginAction">
			<result name="login">/WEB-INF/pages/sysadmin/login/login.jsp</result>
			<result name="success">/WEB-INF/pages/home/fmain.jsp</result>
		</action>
		<action name="logout" method="logout" class="org.lqz.sale.web.LoginAction">
			<result name="logout">/WEB-INF/pages/sysadmin/login/login.jsp</result>
		</action>
	
		<action name="homeAction_*" method="{1}" class="org.lqz.sale.web.HomeAction">
			<result name="toTitle">/WEB-INF/pages/home/title.jsp</result>
			<result name="toLeft">/WEB-INF/pages/${moduleName}/left.jsp</result>
			<result name="toMain">/WEB-INF/pages/${moduleName}/main.jsp</result>
		</action>
		
	</package>
	
	<include file="struts2/struts-invoicing.xml"></include>
	<include file="struts2/struts-good.xml"></include>
	<include file="struts2/struts-user.xml"></include>
	
</struts>
	