<?xml version="1.0" encoding="UTF-8"?>
<!DOCTYPE hibernate-mapping PUBLIC 
    "-//Hibernate/Hibernate Mapping DTD 3.0//EN"
    "http://hibernate.sourceforge.net/hibernate-mapping-3.0.dtd">
<hibernate-mapping package="org.lqz.sale.domain">
	<class name="Role" table="role" dynamic-insert="true" dynamic-update="true">
		<id name="id" column="id">
			<generator class="uuid" />
		</id>

		<property name="name" column="name" />

		<!-- 角色与用户  一对多 -->
		<set name="users" cascade="all" inverse="true">
			<key column="role_id"></key>
			<one-to-many class="User" />
		</set>
		
	</class>
</hibernate-mapping>    