<?xml version="1.0" encoding="UTF-8"?>
<!DOCTYPE hibernate-mapping PUBLIC 
    "-//Hibernate/Hibernate Mapping DTD 3.0//EN"
    "http://hibernate.sourceforge.net/hibernate-mapping-3.0.dtd">
<hibernate-mapping package="org.lqz.sale.domain">
	<class name="SaleGoods" table="sale_goods" dynamic-insert="true" dynamic-update="true">
		<id name="id" column="sale_goods_id">
			<generator class="uuid" />
		</id>

		<property name="goodName" column="good_name" />
		<property name="amount" column="good_amount" />

		<!-- 销售货物与销售单，多对一 -->
		<many-to-one name="sale" class="Sale" column="sale_id" />

		<!-- 多对一 -->
		<many-to-one name="good" class="Good" column="good_id"></many-to-one>

	</class>
</hibernate-mapping>    