<?xml version="1.0" encoding="UTF-8"?>
<!DOCTYPE hibernate-mapping PUBLIC 
    "-//Hibernate/Hibernate Mapping DTD 3.0//EN"
    "http://hibernate.sourceforge.net/hibernate-mapping-3.0.dtd">
<hibernate-mapping package="org.lqz.sale.domain">
	<class name="Stock" table="stock" dynamic-insert="true"	dynamic-update="true">
		<id name="id" column="stock_id">
			<generator class="uuid" />
		</id>
			
		<property name="sign" column="sign" />
		<property name="delFlag" column="del_flag" />

		<!-- 出入库与货物 一对多 -->
		<set name="stockGoods" cascade="all-delete-orphan" inverse="true">
			<key column="stock_id"></key>
			<one-to-many class="StockGoods" />
		</set>

		<!-- 出入库订单表对经手人， 多对一 -->
		<many-to-one name="handler" class="User" column="handler_id" />

	</class>
</hibernate-mapping>    