<?xml version="1.0" encoding="UTF-8"?>
<!DOCTYPE hibernate-mapping PUBLIC 
    "-//Hibernate/Hibernate Mapping DTD 3.0//EN"
    "http://hibernate.sourceforge.net/hibernate-mapping-3.0.dtd">
<hibernate-mapping package="org.lqz.sale.domain">
	<class name="StockGoods" table="stock_goods" dynamic-insert="true" dynamic-update="true">
		<id name="id" column="stock_goods_id">
			<generator class="uuid" />
		</id>

		<property name="goodName" column="good_name" />
		<property name="amount" column="good_amount" />

		<!-- 销售货物与销售单，多对一 -->
		<many-to-one name="stock" class="Stock" column="stock_id" />

		<!-- 销售货物与商品， 一对一 -->
		<many-to-one name="good" class="Good" column="good_id" />
		
	</class>
</hibernate-mapping>    