<?xml version="1.0" encoding="UTF-8"?>
<!DOCTYPE hibernate-mapping PUBLIC 
    "-//Hibernate/Hibernate Mapping DTD 3.0//EN"
    "http://hibernate.sourceforge.net/hibernate-mapping-3.0.dtd">
<hibernate-mapping package="org.lqz.sale.domain">
	<class name="User" table="user" dynamic-insert="true" dynamic-update="true">
		<id name="id" column="user_id">
			<generator class="uuid" />
		</id>

		<property name="name" column="name" />
		<property name="password" column="password" />
		
		<many-to-one name="role" class="Role" column="role_id"></many-to-one>

		<!-- 用户与出入库 一对多 -->
		<set name="stocks" cascade="all" inverse="true">
			<key column="handler_id"></key>
			<one-to-many class="Stock" />
		</set>
		
		<!-- 用户与出销售  一对多 -->
		<set name="sales" cascade="all" inverse="true">
			<key column="handler_id"></key>
			<one-to-many class="Sale" />
		</set>
	</class>
</hibernate-mapping>    